seq	count
AATAATA	7615
AAAAACA	6204
ATAAATA	5527
CAAAATA	5332
AACAACA	5276
GAAAACA	4511
AATAACA	4401
AAATACA	4319
AGAAACA	4259
ATCAATA	4231
CAAAACA	3869
ATATACA	3712
ATAAACA	3670
ATCAACA	3598
GTAAATA	3321
AGCAACA	3029
ACAAACA	2980
CATAATA	2854
ACCAACA	2451
TACAACA	2433
GACAATA	2423
CCAAACA	2352
GAATACA	2348
GATAACA	2345
GTCAATA	2175
CAATACA	2166
GACAACA	2104
GTAAACA	2085
CACAATA	2073
GCAAACA	2020
ATACACA	1899
GTCAACA	1782
CATAACA	1755
CACAACA	1685
CTAAACA	1625
CATCACA	1624
GGCAACA	1476
GTACACA	986
